District,N,P,K,pH,Season,Temperature,Humidity,Rainfall,crop
Kancheepuram,188.0,67.0,194.0,7.4,Kharif,29.1,72.7,607.0,rice
Kancheepuram,188.0,67.0,194.0,7.4,Rabi,25.4,79.3,612.0,rice
Kancheepuram,188.0,67.0,194.0,7.4,Summer,30.0,66.7,18.0,watermelon
Kancheepuram,188.0,67.0,194.0,7.4,Kharif,29.7,66.5,428.0,jute
Kancheepuram,188.0,67.0,194.0,7.4,Rabi,24.9,82.2,1052.0,rice
Kancheepuram,188.0,67.0,194.0,7.4,Summer,29.5,67.2,48.0,banana
Kancheepuram,188.0,67.0,194.0,7.4,Kharif,28.9,70.6,539.0,rice
Kancheepuram,188.0,67.0,194.0,7.4,Rabi,24.9,80.0,635.0,rice
Kancheepuram,188.0,67.0,194.0,7.4,Summer,29.4,68.7,140.0,banana
Kancheepuram,188.0,67.0,194.0,7.4,Kharif,29.7,68.0,494.0,rice
Kancheepuram,188.0,67.0,194.0,7.4,Rabi,25.5,77.7,680.0,rice
Kancheepuram,188.0,67.0,194.0,7.4,Summer,29.5,67.7,180.0,banana
Kancheepuram,188.0,67.0,194.0,7.4,Kharif,29.6,68.2,532.0,rice
Kancheepuram,188.0,67.0,194.0,7.4,Rabi,25.9,79.1,783.0,rice
Kancheepuram,188.0,67.0,194.0,7.4,Summer,30.7,66.2,196.0,banana
Kancheepuram,188.0,67.0,194.0,7.4,Kharif,29.6,65.6,496.0,rice
Kancheepuram,188.0,67.0,194.0,7.4,Rabi,25.5,77.4,636.0,rice
Kancheepuram,188.0,67.0,194.0,7.4,Summer,30.4,65.0,141.0,banana
Cuddalore,141.5,51.0,237.5,7.3,Kharif,29.1,74.5,431.0,rice
Cuddalore,141.5,51.0,237.5,7.3,Rabi,26.0,80.2,828.0,rice
Cuddalore,141.5,51.0,237.5,7.3,Summer,29.1,74.7,32.0,watermelon
Cuddalore,141.5,51.0,237.5,7.3,Kharif,29.4,71.1,330.0,jute
Cuddalore,141.5,51.0,237.5,7.3,Rabi,25.5,83.2,1363.0,rice
Cuddalore,141.5,51.0,237.5,7.3,Summer,29.0,73.6,45.0,watermelon
Cuddalore,141.5,51.0,237.5,7.3,Kharif,28.9,74.1,366.0,rice
Cuddalore,141.5,51.0,237.5,7.3,Rabi,25.6,80.8,892.0,rice
Cuddalore,141.5,51.0,237.5,7.3,Summer,28.9,75.2,146.0,apple
Cuddalore,141.5,51.0,237.5,7.3,Kharif,30.0,69.7,419.0,rice
Cuddalore,141.5,51.0,237.5,7.3,Rabi,26.0,79.9,776.0,rice
Cuddalore,141.5,51.0,237.5,7.3,Summer,28.7,77.6,166.0,apple
Cuddalore,141.5,51.0,237.5,7.3,Kharif,29.7,71.2,382.0,rice
Cuddalore,141.5,51.0,237.5,7.3,Rabi,26.5,80.8,1060.0,rice
Cuddalore,141.5,51.0,237.5,7.3,Summer,29.5,76.9,260.0,jute
Cuddalore,141.5,51.0,237.5,7.3,Kharif,29.3,71.4,389.0,rice
Cuddalore,141.5,51.0,237.5,7.3,Rabi,26.0,79.4,886.0,rice
Cuddalore,141.5,51.0,237.5,7.3,Summer,29.2,75.5,199.0,jute
Villupuram,156.0,41.6,233.0,7.1,Kharif,29.8,68.0,459.0,rice
Villupuram,156.0,41.6,233.0,7.1,Rabi,25.7,78.7,730.0,rice
Villupuram,156.0,41.6,233.0,7.1,Summer,30.0,67.7,36.0,watermelon
Villupuram,156.0,41.6,233.0,7.1,Kharif,30.1,65.0,394.0,rice
Villupuram,156.0,41.6,233.0,7.1,Rabi,25.1,82.5,1153.0,rice
Villupuram,156.0,41.6,233.0,7.1,Summer,29.8,66.3,71.0,watermelon
Villupuram,156.0,41.6,233.0,7.1,Kharif,29.4,68.2,416.0,rice
Villupuram,156.0,41.6,233.0,7.1,Rabi,25.4,79.4,678.0,rice
Villupuram,156.0,41.6,233.0,7.1,Summer,29.5,68.7,171.0,coffee
Villupuram,156.0,41.6,233.0,7.1,Kharif,30.3,65.4,505.0,rice
Villupuram,156.0,41.6,233.0,7.1,Rabi,25.8,78.1,629.0,rice
Villupuram,156.0,41.6,233.0,7.1,Summer,29.4,69.7,171.0,coffee
Villupuram,156.0,41.6,233.0,7.1,Kharif,29.8,68.3,502.0,rice
Villupuram,156.0,41.6,233.0,7.1,Rabi,26.1,80.3,1251.0,rice
Villupuram,156.0,41.6,233.0,7.1,Summer,30.1,71.0,284.0,jute
Villupuram,156.0,41.6,233.0,7.1,Kharif,29.4,68.4,408.0,rice
Villupuram,156.0,41.6,233.0,7.1,Rabi,25.7,78.7,774.0,rice
Villupuram,156.0,41.6,233.0,7.1,Summer,29.5,70.6,209.0,jute
Vellore,180.2,58.7,327.4,7.3,Kharif,28.4,69.5,595.0,rice
Vellore,180.2,58.7,327.4,7.3,Rabi,24.6,77.0,611.0,rice
Vellore,180.2,58.7,327.4,7.3,Summer,29.8,60.8,32.0,grapes
Vellore,180.2,58.7,327.4,7.3,Kharif,28.9,64.3,411.0,jute
Vellore,180.2,58.7,327.4,7.3,Rabi,24.0,81.5,1008.0,rice
Vellore,180.2,58.7,327.4,7.3,Summer,29.4,59.3,131.0,grapes
Vellore,180.2,58.7,327.4,7.3,Kharif,28.1,68.0,550.0,rice
Vellore,180.2,58.7,327.4,7.3,Rabi,24.1,78.3,660.0,rice
Vellore,180.2,58.7,327.4,7.3,Summer,29.3,60.0,150.0,grapes
Vellore,180.2,58.7,327.4,7.3,Kharif,29.7,61.7,503.0,rice
Vellore,180.2,58.7,327.4,7.3,Rabi,24.7,74.9,462.0,rice
Vellore,180.2,58.7,327.4,7.3,Summer,29.2,59.7,252.0,jute
Vellore,180.2,58.7,327.4,7.3,Kharif,29.2,64.6,504.0,rice
Vellore,180.2,58.7,327.4,7.3,Rabi,25.2,77.4,737.0,rice
Vellore,180.2,58.7,327.4,7.3,Summer,30.6,58.2,150.0,grapes
Vellore,180.2,58.7,327.4,7.3,Kharif,29.3,61.4,407.0,jute
Vellore,180.2,58.7,327.4,7.3,Rabi,24.6,75.3,501.0,rice
Vellore,180.2,58.7,327.4,7.3,Summer,29.8,60.1,135.0,grapes
Tiruvannamalai,175.7,27.4,263.1,7.6,Kharif,29.1,66.8,492.0,rice
Tiruvannamalai,175.7,27.4,263.1,7.6,Rabi,25.3,75.6,648.0,rice
Tiruvannamalai,175.7,27.4,263.1,7.6,Summer,30.2,61.7,57.0,watermelon
Tiruvannamalai,175.7,27.4,263.1,7.6,Kharif,29.5,62.6,448.0,jute
Tiruvannamalai,175.7,27.4,263.1,7.6,Rabi,24.5,81.2,1060.0,rice
Tiruvannamalai,175.7,27.4,263.1,7.6,Summer,29.8,60.6,68.0,watermelon
Tiruvannamalai,175.7,27.4,263.1,7.6,Kharif,28.5,67.7,515.0,rice
Tiruvannamalai,175.7,27.4,263.1,7.6,Rabi,24.6,78.4,624.0,rice
Tiruvannamalai,175.7,27.4,263.1,7.6,Summer,28.9,64.8,193.0,coffee
Tiruvannamalai,175.7,27.4,263.1,7.6,Kharif,29.8,62.5,441.0,jute
Tiruvannamalai,175.7,27.4,263.1,7.6,Rabi,25.2,75.0,530.0,rice
Tiruvannamalai,175.7,27.4,263.1,7.6,Summer,29.0,64.2,236.0,jute
Tiruvannamalai,175.7,27.4,263.1,7.6,Kharif,29.2,65.7,537.0,rice
Tiruvannamalai,175.7,27.4,263.1,7.6,Rabi,25.7,77.3,921.0,rice
Tiruvannamalai,175.7,27.4,263.1,7.6,Summer,30.2,64.2,220.0,jute
Tiruvannamalai,175.7,27.4,263.1,7.6,Kharif,29.3,62.6,451.0,jute
Tiruvannamalai,175.7,27.4,263.1,7.6,Rabi,25.4,74.3,588.0,rice
Tiruvannamalai,175.7,27.4,263.1,7.6,Summer,29.6,63.9,126.0,watermelon
Salem,185.0,29.4,190.0,7.9,Kharif,27.4,73.8,616.0,rice
Salem,185.0,29.4,190.0,7.9,Rabi,25.8,68.9,394.0,jute
Salem,185.0,29.4,190.0,7.9,Summer,31.0,51.3,63.0,watermelon
Salem,185.0,29.4,190.0,7.9,Kharif,27.6,71.3,442.0,jute
Salem,185.0,29.4,190.0,7.9,Rabi,24.9,75.9,653.0,rice
Salem,185.0,29.4,190.0,7.9,Summer,30.1,53.2,89.0,coffee
Salem,185.0,29.4,190.0,7.9,Kharif,26.8,74.9,620.0,rice
Salem,185.0,29.4,190.0,7.9,Rabi,25.0,72.1,496.0,rice
Salem,185.0,29.4,190.0,7.9,Summer,29.4,57.1,193.0,coffee
Salem,185.0,29.4,190.0,7.9,Kharif,28.4,68.4,415.0,jute
Salem,185.0,29.4,190.0,7.9,Rabi,25.8,67.4,314.0,jute
Salem,185.0,29.4,190.0,7.9,Summer,29.1,58.2,194.0,coffee
Salem,185.0,29.4,190.0,7.9,Kharif,27.6,73.2,533.0,rice
Salem,185.0,29.4,190.0,7.9,Rabi,26.2,71.3,574.0,rice
Salem,185.0,29.4,190.0,7.9,Summer,31.3,52.8,214.0,coffee
Salem,185.0,29.4,190.0,7.9,Kharif,27.4,72.1,492.0,rice
Salem,185.0,29.4,190.0,7.9,Rabi,25.5,68.9,248.0,jute
Salem,185.0,29.4,190.0,7.9,Summer,29.6,58.5,227.0,coffee
Namakkal,200.0,20.7,421.5,7.3,Kharif,28.6,69.9,522.0,rice
Namakkal,200.0,20.7,421.5,7.3,Rabi,26.6,68.4,468.0,jute
Namakkal,200.0,20.7,421.5,7.3,Summer,31.7,52.5,86.0,grapes
Namakkal,200.0,20.7,421.5,7.3,Kharif,28.7,67.7,422.0,jute
Namakkal,200.0,20.7,421.5,7.3,Rabi,25.4,76.8,777.0,rice
Namakkal,200.0,20.7,421.5,7.3,Summer,30.7,54.2,85.0,grapes
Namakkal,200.0,20.7,421.5,7.3,Kharif,28.1,70.7,516.0,rice
Namakkal,200.0,20.7,421.5,7.3,Rabi,25.7,72.6,649.0,rice
Namakkal,200.0,20.7,421.5,7.3,Summer,30.0,58.2,228.0,apple
Namakkal,200.0,20.7,421.5,7.3,Kharif,29.5,65.6,384.0,jute
Namakkal,200.0,20.7,421.5,7.3,Rabi,26.3,69.0,476.0,jute
Namakkal,200.0,20.7,421.5,7.3,Summer,30.0,57.6,204.0,apple
Namakkal,200.0,20.7,421.5,7.3,Kharif,28.7,70.0,472.0,jute
Namakkal,200.0,20.7,421.5,7.3,Rabi,26.5,73.9,852.0,rice
Namakkal,200.0,20.7,421.5,7.3,Summer,31.7,54.6,257.0,apple
Namakkal,200.0,20.7,421.5,7.3,Kharif,28.8,66.8,283.0,jute
Namakkal,200.0,20.7,421.5,7.3,Rabi,25.9,71.5,451.0,jute
Namakkal,200.0,20.7,421.5,7.3,Summer,30.4,58.5,186.0,apple
Dharmapuri,187.5,17.3,278.0,7.9,Kharif,26.2,73.7,483.0,jute
Dharmapuri,187.5,17.3,278.0,7.9,Rabi,24.0,73.9,416.0,jute
Dharmapuri,187.5,17.3,278.0,7.9,Summer,29.1,55.6,94.0,watermelon
Dharmapuri,187.5,17.3,278.0,7.9,Kharif,26.7,69.0,431.0,jute
Dharmapuri,187.5,17.3,278.0,7.9,Rabi,23.1,80.5,793.0,rice
Dharmapuri,187.5,17.3,278.0,7.9,Summer,28.2,56.5,89.0,watermelon
Dharmapuri,187.5,17.3,278.0,7.9,Kharif,25.8,74.0,494.0,jute
Dharmapuri,187.5,17.3,278.0,7.9,Rabi,23.1,77.2,428.0,jute
Dharmapuri,187.5,17.3,278.0,7.9,Summer,27.5,61.1,201.0,coffee
Dharmapuri,187.5,17.3,278.0,7.9,Kharif,27.3,67.3,380.0,jute
Dharmapuri,187.5,17.3,278.0,7.9,Rabi,23.7,73.4,267.0,jute
Dharmapuri,187.5,17.3,278.0,7.9,Summer,27.5,60.5,211.0,coffee
Dharmapuri,187.5,17.3,278.0,7.9,Kharif,26.8,70.3,428.0,jute
Dharmapuri,187.5,17.3,278.0,7.9,Rabi,24.4,75.1,595.0,rice
Dharmapuri,187.5,17.3,278.0,7.9,Summer,29.4,55.9,200.0,coffee
Dharmapuri,187.5,17.3,278.0,7.9,Kharif,26.8,67.2,375.0,jute
Dharmapuri,187.5,17.3,278.0,7.9,Rabi,23.6,73.3,298.0,jute
Dharmapuri,187.5,17.3,278.0,7.9,Summer,27.6,62.1,194.0,coffee
Krishnagiri,149.8,22.0,215.3,7.2,Kharif,26.1,72.7,565.0,rice
Krishnagiri,149.8,22.0,215.3,7.2,Rabi,23.9,71.9,388.0,rice
Krishnagiri,149.8,22.0,215.3,7.2,Summer,28.5,57.8,88.0,watermelon
Krishnagiri,149.8,22.0,215.3,7.2,Kharif,26.5,68.1,398.0,rice
Krishnagiri,149.8,22.0,215.3,7.2,Rabi,22.9,78.7,762.0,rice
Krishnagiri,149.8,22.0,215.3,7.2,Summer,27.9,56.8,116.0,coffee
Krishnagiri,149.8,22.0,215.3,7.2,Kharif,25.6,73.4,594.0,rice
Krishnagiri,149.8,22.0,215.3,7.2,Rabi,22.9,75.7,475.0,rice
Krishnagiri,149.8,22.0,215.3,7.2,Summer,27.0,62.0,230.0,jute
Krishnagiri,149.8,22.0,215.3,7.2,Kharif,27.1,66.9,465.0,rice
Krishnagiri,149.8,22.0,215.3,7.2,Rabi,23.6,70.2,258.0,jute
Krishnagiri,149.8,22.0,215.3,7.2,Summer,27.5,58.7,216.0,coffee
Krishnagiri,149.8,22.0,215.3,7.2,Kharif,26.6,69.6,471.0,rice
Krishnagiri,149.8,22.0,215.3,7.2,Rabi,24.1,73.6,512.0,rice
Krishnagiri,149.8,22.0,215.3,7.2,Summer,29.2,55.9,184.0,coffee
Krishnagiri,149.8,22.0,215.3,7.2,Kharif,26.5,67.5,374.0,jute
Krishnagiri,149.8,22.0,215.3,7.2,Rabi,23.3,71.2,354.0,jute
Krishnagiri,149.8,22.0,215.3,7.2,Summer,27.0,63.9,147.0,coffee
Coimbatore,201.0,27.3,263.0,7.6,Kharif,25.0,85.0,622.0,rice
Coimbatore,201.0,27.3,263.0,7.6,Rabi,24.8,72.3,502.0,rice
Coimbatore,201.0,27.3,263.0,7.6,Summer,29.1,62.8,66.0,watermelon
Coimbatore,201.0,27.3,263.0,7.6,Kharif,24.8,84.8,599.0,rice
Coimbatore,201.0,27.3,263.0,7.6,Rabi,24.1,77.6,846.0,rice
Coimbatore,201.0,27.3,263.0,7.6,Summer,27.9,64.4,235.0,coffee
Coimbatore,201.0,27.3,263.0,7.6,Kharif,24.8,83.3,565.0,rice
Coimbatore,201.0,27.3,263.0,7.6,Rabi,24.6,72.1,524.0,rice
Coimbatore,201.0,27.3,263.0,7.6,Summer,27.5,67.7,233.0,coffee
Coimbatore,201.0,27.3,263.0,7.6,Kharif,25.9,79.2,511.0,jute
Coimbatore,201.0,27.3,263.0,7.6,Rabi,25.1,68.2,502.0,rice
Coimbatore,201.0,27.3,263.0,7.6,Summer,28.4,61.0,142.0,coffee
Coimbatore,201.0,27.3,263.0,7.6,Kharif,25.2,83.1,516.0,rice
Coimbatore,201.0,27.3,263.0,7.6,Rabi,25.4,72.4,524.0,rice
Coimbatore,201.0,27.3,263.0,7.6,Summer,29.7,59.0,259.0,coffee
Coimbatore,201.0,27.3,263.0,7.6,Kharif,24.7,84.4,475.0,jute
Coimbatore,201.0,27.3,263.0,7.6,Rabi,25.1,68.7,403.0,jute
Coimbatore,201.0,27.3,263.0,7.6,Summer,27.9,66.8,266.0,jute
Tiruppur,206.5,16.4,305.0,8.3,Kharif,26.5,77.3,386.0,jute
Tiruppur,206.5,16.4,305.0,8.3,Rabi,26.2,67.6,415.0,jute
Tiruppur,206.5,16.4,305.0,8.3,Summer,30.7,56.0,62.0,watermelon
Tiruppur,206.5,16.4,305.0,8.3,Kharif,26.4,77.0,334.0,jute
Tiruppur,206.5,16.4,305.0,8.3,Rabi,25.1,75.1,827.0,rice
Tiruppur,206.5,16.4,305.0,8.3,Summer,29.4,59.1,152.0,coffee
Tiruppur,206.5,16.4,305.0,8.3,Kharif,26.2,76.7,460.0,jute
Tiruppur,206.5,16.4,305.0,8.3,Rabi,25.6,69.8,495.0,jute
Tiruppur,206.5,16.4,305.0,8.3,Summer,29.0,62.3,177.0,coffee
Tiruppur,206.5,16.4,305.0,8.3,Kharif,27.5,72.6,246.0,jute
Tiruppur,206.5,16.4,305.0,8.3,Rabi,26.2,66.5,513.0,jute
Tiruppur,206.5,16.4,305.0,8.3,Summer,29.5,58.4,213.0,coffee
Tiruppur,206.5,16.4,305.0,8.3,Kharif,26.6,77.0,382.0,jute
Tiruppur,206.5,16.4,305.0,8.3,Rabi,26.4,70.9,585.0,rice
Tiruppur,206.5,16.4,305.0,8.3,Summer,31.0,55.3,210.0,coffee
Tiruppur,206.5,16.4,305.0,8.3,Kharif,26.3,77.0,196.0,jute
Tiruppur,206.5,16.4,305.0,8.3,Rabi,26.0,67.7,337.0,jute
Tiruppur,206.5,16.4,305.0,8.3,Summer,29.5,61.6,181.0,coffee
Erode,159.4,19.0,273.9,7.8,Kharif,27.9,72.2,540.0,rice
Erode,159.4,19.0,273.9,7.8,Rabi,26.8,65.9,474.0,rice
Erode,159.4,19.0,273.9,7.8,Summer,31.5,52.3,91.0,watermelon
Erode,159.4,19.0,273.9,7.8,Kharif,28.1,70.0,416.0,jute
Erode,159.4,19.0,273.9,7.8,Rabi,25.5,75.0,851.0,rice
Erode,159.4,19.0,273.9,7.8,Summer,30.3,55.6,129.0,coffee
Erode,159.4,19.0,273.9,7.8,Kharif,27.6,72.1,592.0,rice
Erode,159.4,19.0,273.9,7.8,Rabi,25.8,70.3,519.0,rice
Erode,159.4,19.0,273.9,7.8,Summer,30.0,57.4,217.0,coffee
Erode,159.4,19.0,273.9,7.8,Kharif,28.9,67.4,471.0,rice
Erode,159.4,19.0,273.9,7.8,Rabi,26.5,66.4,430.0,rice
Erode,159.4,19.0,273.9,7.8,Summer,29.9,57.0,213.0,coffee
Erode,159.4,19.0,273.9,7.8,Kharif,28.1,71.2,496.0,rice
Erode,159.4,19.0,273.9,7.8,Rabi,26.7,71.1,636.0,rice
Erode,159.4,19.0,273.9,7.8,Summer,31.5,53.8,268.0,jute
Erode,159.4,19.0,273.9,7.8,Kharif,28.1,69.2,290.0,jute
Erode,159.4,19.0,273.9,7.8,Rabi,26.3,67.6,404.0,jute
Erode,159.4,19.0,273.9,7.8,Summer,30.2,58.8,248.0,jute
Trichy,153.2,18.6,368.3,8.1,Kharif,30.3,61.8,261.0,jute
Trichy,153.2,18.6,368.3,8.1,Rabi,26.7,72.0,639.0,rice
Trichy,153.2,18.6,368.3,8.1,Summer,31.3,58.6,60.0,grapes
Trichy,153.2,18.6,368.3,8.1,Kharif,30.5,59.2,276.0,jute
Trichy,153.2,18.6,368.3,8.1,Rabi,25.4,80.5,994.0,rice
Trichy,153.2,18.6,368.3,8.1,Summer,30.2,61.6,106.0,grapes
Trichy,153.2,18.6,368.3,8.1,Kharif,29.4,65.0,457.0,rice
Trichy,153.2,18.6,368.3,8.1,Rabi,25.8,76.0,468.0,rice
Trichy,153.2,18.6,368.3,8.1,Summer,29.9,62.9,168.0,apple
Trichy,153.2,18.6,368.3,8.1,Kharif,30.9,59.3,370.0,jute
Trichy,153.2,18.6,368.3,8.1,Rabi,26.1,75.0,636.0,rice
Trichy,153.2,18.6,368.3,8.1,Summer,29.9,64.3,236.0,jute
Trichy,153.2,18.6,368.3,8.1,Kharif,30.2,63.1,483.0,rice
Trichy,153.2,18.6,368.3,8.1,Rabi,26.6,77.5,892.0,rice
Trichy,153.2,18.6,368.3,8.1,Summer,31.1,62.8,355.0,jute
Trichy,153.2,18.6,368.3,8.1,Kharif,30.6,57.3,243.0,jute
Trichy,153.2,18.6,368.3,8.1,Rabi,26.1,75.8,586.0,rice
Trichy,153.2,18.6,368.3,8.1,Summer,30.1,65.1,227.0,apple
Perambalur,143.6,25.3,302.6,8.1,Kharif,29.8,64.5,363.0,jute
Perambalur,143.6,25.3,302.6,8.1,Rabi,26.1,74.5,698.0,rice
Perambalur,143.6,25.3,302.6,8.1,Summer,31.1,58.6,62.0,grapes
Perambalur,143.6,25.3,302.6,8.1,Kharif,30.1,61.6,365.0,jute
Perambalur,143.6,25.3,302.6,8.1,Rabi,25.2,80.3,1078.0,rice
Perambalur,143.6,25.3,302.6,8.1,Summer,30.5,58.9,100.0,grapes
Perambalur,143.6,25.3,302.6,8.1,Kharif,29.0,67.2,447.0,rice
Perambalur,143.6,25.3,302.6,8.1,Rabi,25.4,76.6,638.0,rice
Perambalur,143.6,25.3,302.6,8.1,Summer,30.0,61.2,193.0,jute
Perambalur,143.6,25.3,302.6,8.1,Kharif,30.4,62.0,382.0,jute
Perambalur,143.6,25.3,302.6,8.1,Rabi,26.0,73.7,565.0,rice
Perambalur,143.6,25.3,302.6,8.1,Summer,29.8,63.4,275.0,jute
Perambalur,143.6,25.3,302.6,8.1,Kharif,30.0,64.0,412.0,rice
Perambalur,143.6,25.3,302.6,8.1,Rabi,26.2,78.0,970.0,rice
Perambalur,143.6,25.3,302.6,8.1,Summer,31.1,62.0,339.0,jute
Perambalur,143.6,25.3,302.6,8.1,Kharif,30.0,62.1,296.0,jute
Perambalur,143.6,25.3,302.6,8.1,Rabi,25.6,76.3,640.0,rice
Perambalur,143.6,25.3,302.6,8.1,Summer,30.1,63.4,181.0,jute
Ariyalur,139.0,20.5,272.0,7.9,Kharif,29.8,64.4,431.0,rice
Ariyalur,139.0,20.5,272.0,7.9,Rabi,26.0,75.2,636.0,rice
Ariyalur,139.0,20.5,272.0,7.9,Summer,30.7,61.3,64.0,watermelon
Ariyalur,139.0,20.5,272.0,7.9,Kharif,30.1,61.5,336.0,jute
Ariyalur,139.0,20.5,272.0,7.9,Rabi,25.2,80.6,1069.0,rice
Ariyalur,139.0,20.5,272.0,7.9,Summer,30.2,61.7,123.0,watermelon
Ariyalur,139.0,20.5,272.0,7.9,Kharif,29.1,66.9,498.0,rice
Ariyalur,139.0,20.5,272.0,7.9,Rabi,25.3,77.9,649.0,rice
Ariyalur,139.0,20.5,272.0,7.9,Summer,29.8,63.6,234.0,jute
Ariyalur,139.0,20.5,272.0,7.9,Kharif,30.2,62.9,354.0,jute
Ariyalur,139.0,20.5,272.0,7.9,Rabi,25.6,77.0,689.0,rice
Ariyalur,139.0,20.5,272.0,7.9,Summer,29.5,66.1,213.0,jute
Ariyalur,139.0,20.5,272.0,7.9,Kharif,29.9,64.5,396.0,jute
Ariyalur,139.0,20.5,272.0,7.9,Rabi,26.1,79.4,990.0,rice
Ariyalur,139.0,20.5,272.0,7.9,Summer,30.5,66.0,353.0,jute
Ariyalur,139.0,20.5,272.0,7.9,Kharif,29.9,62.0,310.0,jute
Ariyalur,139.0,20.5,272.0,7.9,Rabi,25.4,78.5,728.0,rice
Ariyalur,139.0,20.5,272.0,7.9,Summer,29.8,66.0,174.0,jute
Karur,129.5,30.0,371.5,7.6,Kharif,28.8,66.6,452.0,rice
Karur,129.5,30.0,371.5,7.6,Rabi,26.9,67.1,435.0,rice
Karur,129.5,30.0,371.5,7.6,Summer,31.5,53.8,66.0,grapes
Karur,129.5,30.0,371.5,7.6,Kharif,28.9,65.0,325.0,jute
Karur,129.5,30.0,371.5,7.6,Rabi,25.4,76.4,758.0,rice
Karur,129.5,30.0,371.5,7.6,Summer,30.4,56.6,98.0,grapes
Karur,129.5,30.0,371.5,7.6,Kharif,28.4,67.2,426.0,rice
Karur,129.5,30.0,371.5,7.6,Rabi,26.1,70.8,512.0,rice
Karur,129.5,30.0,371.5,7.6,Summer,30.2,57.8,180.0,apple
Karur,129.5,30.0,371.5,7.6,Kharif,29.8,62.2,331.0,jute
Karur,129.5,30.0,371.5,7.6,Rabi,26.6,67.6,384.0,rice
Karur,129.5,30.0,371.5,7.6,Summer,30.0,59.0,268.0,apple
Karur,129.5,30.0,371.5,7.6,Kharif,29.0,66.5,419.0,rice
Karur,129.5,30.0,371.5,7.6,Rabi,26.8,72.8,654.0,rice
Karur,129.5,30.0,371.5,7.6,Summer,31.6,55.2,292.0,apple
Karur,129.5,30.0,371.5,7.6,Kharif,28.8,64.2,194.0,apple
Karur,129.5,30.0,371.5,7.6,Rabi,26.0,72.0,383.0,rice
Karur,129.5,30.0,371.5,7.6,Summer,30.4,59.0,178.0,apple
Pudukkottai,157.8,20.9,199.2,7.2,Kharif,30.1,63.0,336.0,jute
Pudukkottai,157.8,20.9,199.2,7.2,Rabi,26.5,73.2,858.0,rice
Pudukkottai,157.8,20.9,199.2,7.2,Summer,30.4,63.9,70.0,watermelon
Pudukkottai,157.8,20.9,199.2,7.2,Kharif,30.1,61.8,392.0,jute
Pudukkottai,157.8,20.9,199.2,7.2,Rabi,25.3,80.3,1048.0,rice
Pudukkottai,157.8,20.9,199.2,7.2,Summer,29.7,65.6,146.0,coffee
Pudukkottai,157.8,20.9,199.2,7.2,Kharif,29.1,67.4,527.0,rice
Pudukkottai,157.8,20.9,199.2,7.2,Rabi,25.7,76.4,503.0,rice
Pudukkottai,157.8,20.9,199.2,7.2,Summer,29.4,66.7,134.0,coffee
Pudukkottai,157.8,20.9,199.2,7.2,Kharif,30.3,63.1,449.0,rice
Pudukkottai,157.8,20.9,199.2,7.2,Rabi,25.8,77.0,737.0,rice
Pudukkottai,157.8,20.9,199.2,7.2,Summer,29.7,66.4,175.0,coffee
Pudukkottai,157.8,20.9,199.2,7.2,Kharif,29.7,66.7,482.0,rice
Pudukkottai,157.8,20.9,199.2,7.2,Rabi,26.4,78.9,924.0,rice
Pudukkottai,157.8,20.9,199.2,7.2,Summer,30.2,68.0,286.0,jute
Pudukkottai,157.8,20.9,199.2,7.2,Kharif,30.2,60.3,402.0,jute
Pudukkottai,157.8,20.9,199.2,7.2,Rabi,25.8,77.8,675.0,rice
Pudukkottai,157.8,20.9,199.2,7.2,Summer,29.4,70.0,193.0,coffee
Thanjavur,146.0,55.8,229.2,7.4,Kharif,30.0,64.6,346.0,jute
Thanjavur,146.0,55.8,229.2,7.4,Rabi,26.2,75.4,733.0,rice
Thanjavur,146.0,55.8,229.2,7.4,Summer,30.6,63.4,65.0,grapes
Thanjavur,146.0,55.8,229.2,7.4,Kharif,30.2,61.8,327.0,jute
Thanjavur,146.0,55.8,229.2,7.4,Rabi,25.2,82.2,1085.0,rice
Thanjavur,146.0,55.8,229.2,7.4,Summer,29.7,66.2,104.0,grapes
Thanjavur,146.0,55.8,229.2,7.4,Kharif,29.1,68.2,487.0,rice
Thanjavur,146.0,55.8,229.2,7.4,Rabi,25.3,79.5,678.0,rice
Thanjavur,146.0,55.8,229.2,7.4,Summer,29.2,68.8,181.0,jute
Thanjavur,146.0,55.8,229.2,7.4,Kharif,30.4,63.2,415.0,rice
Thanjavur,146.0,55.8,229.2,7.4,Rabi,25.5,79.3,777.0,rice
Thanjavur,146.0,55.8,229.2,7.4,Summer,29.4,69.5,199.0,jute
Thanjavur,146.0,55.8,229.2,7.4,Kharif,29.9,65.9,456.0,rice
Thanjavur,146.0,55.8,229.2,7.4,Rabi,26.2,80.8,1314.0,rice
Thanjavur,146.0,55.8,229.2,7.4,Summer,30.2,69.1,416.0,rice
Thanjavur,146.0,55.8,229.2,7.4,Kharif,30.0,62.2,318.0,jute
Thanjavur,146.0,55.8,229.2,7.4,Rabi,25.6,79.7,729.0,rice
Thanjavur,146.0,55.8,229.2,7.4,Summer,29.3,70.8,173.0,jute
Thiruvarur,163.0,88.1,293.5,7.3,Kharif,29.9,69.0,444.0,rice
Thiruvarur,163.0,88.1,293.5,7.3,Rabi,26.2,78.3,851.0,rice
Thiruvarur,163.0,88.1,293.5,7.3,Summer,29.9,69.5,71.0,grapes
Thiruvarur,163.0,88.1,293.5,7.3,Kharif,29.9,67.6,364.0,jute
Thiruvarur,163.0,88.1,293.5,7.3,Rabi,25.4,83.4,1203.0,rice
Thiruvarur,163.0,88.1,293.5,7.3,Summer,29.3,71.5,106.0,grapes
Thiruvarur,163.0,88.1,293.5,7.3,Kharif,29.2,71.0,397.0,rice
Thiruvarur,163.0,88.1,293.5,7.3,Rabi,25.5,81.2,806.0,rice
Thiruvarur,163.0,88.1,293.5,7.3,Summer,29.2,72.7,120.0,apple
Thiruvarur,163.0,88.1,293.5,7.3,Kharif,30.1,69.8,453.0,rice
Thiruvarur,163.0,88.1,293.5,7.3,Rabi,25.6,81.4,1081.0,rice
Thiruvarur,163.0,88.1,293.5,7.3,Summer,29.1,73.6,180.0,apple
Thiruvarur,163.0,88.1,293.5,7.3,Kharif,29.9,70.4,469.0,rice
Thiruvarur,163.0,88.1,293.5,7.3,Rabi,26.2,82.9,1344.0,rice
Thiruvarur,163.0,88.1,293.5,7.3,Summer,29.6,75.3,630.0,rice
Thiruvarur,163.0,88.1,293.5,7.3,Kharif,29.8,68.0,365.0,jute
Thiruvarur,163.0,88.1,293.5,7.3,Rabi,25.7,81.7,878.0,rice
Thiruvarur,163.0,88.1,293.5,7.3,Summer,29.3,74.2,203.0,apple
Madurai,163.0,52.0,348.5,7.8,Kharif,29.9,61.3,342.0,jute
Madurai,163.0,52.0,348.5,7.8,Rabi,26.8,69.7,636.0,rice
Madurai,163.0,52.0,348.5,7.8,Summer,31.2,57.5,94.0,grapes
Madurai,163.0,52.0,348.5,7.8,Kharif,30.1,58.7,309.0,jute
Madurai,163.0,52.0,348.5,7.8,Rabi,25.6,77.0,1088.0,rice
Madurai,163.0,52.0,348.5,7.8,Summer,30.2,59.8,148.0,grapes
Madurai,163.0,52.0,348.5,7.8,Kharif,28.9,65.5,440.0,rice
Madurai,163.0,52.0,348.5,7.8,Rabi,26.3,71.7,776.0,rice
Madurai,163.0,52.0,348.5,7.8,Summer,30.0,60.6,253.0,apple
Madurai,163.0,52.0,348.5,7.8,Kharif,30.4,60.1,386.0,rice
Madurai,163.0,52.0,348.5,7.8,Rabi,26.4,71.5,618.0,rice
Madurai,163.0,52.0,348.5,7.8,Summer,29.9,63.0,282.0,jute
Madurai,163.0,52.0,348.5,7.8,Kharif,29.9,63.2,412.0,rice
Madurai,163.0,52.0,348.5,7.8,Rabi,26.9,74.1,807.0,rice
Madurai,163.0,52.0,348.5,7.8,Summer,31.0,60.4,289.0,jute
Madurai,163.0,52.0,348.5,7.8,Kharif,30.6,55.8,253.0,apple
Madurai,163.0,52.0,348.5,7.8,Rabi,26.6,70.2,554.0,rice
Madurai,163.0,52.0,348.5,7.8,Summer,30.1,62.0,230.0,apple
Theni,190.0,73.2,221.1,7.3,Kharif,28.2,65.0,325.0,jute
Theni,190.0,73.2,221.1,7.3,Rabi,26.3,67.5,392.0,jute
Theni,190.0,73.2,221.1,7.3,Summer,30.6,53.8,74.0,banana
Theni,190.0,73.2,221.1,7.3,Kharif,28.2,63.5,248.0,jute
Theni,190.0,73.2,221.1,7.3,Rabi,25.1,75.3,802.0,rice
Theni,190.0,73.2,221.1,7.3,Summer,28.7,60.7,194.0,banana
Theni,190.0,73.2,221.1,7.3,Kharif,27.9,65.0,380.0,jute
Theni,190.0,73.2,221.1,7.3,Rabi,25.6,70.9,482.0,rice
Theni,190.0,73.2,221.1,7.3,Summer,29.0,59.3,174.0,banana
Theni,190.0,73.2,221.1,7.3,Kharif,28.7,63.7,272.0,jute
Theni,190.0,73.2,221.1,7.3,Rabi,26.1,68.0,400.0,rice
Theni,190.0,73.2,221.1,7.3,Summer,29.2,59.0,181.0,banana
Theni,190.0,73.2,221.1,7.3,Kharif,28.0,68.0,357.0,jute
Theni,190.0,73.2,221.1,7.3,Rabi,26.2,70.9,538.0,rice
Theni,190.0,73.2,221.1,7.3,Summer,30.7,54.1,303.0,jute
Theni,190.0,73.2,221.1,7.3,Kharif,28.5,61.1,182.0,banana
Theni,190.0,73.2,221.1,7.3,Rabi,26.0,66.7,364.0,jute
Theni,190.0,73.2,221.1,7.3,Summer,28.6,62.2,221.0,jute
Dindigul,221.0,75.0,191.0,7.6,Kharif,28.6,64.1,336.0,jute
Dindigul,221.0,75.0,191.0,7.6,Rabi,25.9,70.1,534.0,rice
Dindigul,221.0,75.0,191.0,7.6,Summer,30.9,53.2,41.0,banana
Dindigul,221.0,75.0,191.0,7.6,Kharif,28.8,61.7,297.0,jute
Dindigul,221.0,75.0,191.0,7.6,Rabi,24.6,78.6,1054.0,rice
Dindigul,221.0,75.0,191.0,7.6,Summer,29.3,58.4,106.0,banana
Dindigul,221.0,75.0,191.0,7.6,Kharif,28.0,66.1,411.0,jute
Dindigul,221.0,75.0,191.0,7.6,Rabi,25.1,73.2,541.0,rice
Dindigul,221.0,75.0,191.0,7.6,Summer,29.0,60.3,170.0,banana
Dindigul,221.0,75.0,191.0,7.6,Kharif,29.6,60.0,272.0,jute
Dindigul,221.0,75.0,191.0,7.6,Rabi,25.5,71.3,574.0,rice
Dindigul,221.0,75.0,191.0,7.6,Summer,28.8,61.7,179.0,banana
Dindigul,221.0,75.0,191.0,7.6,Kharif,28.8,65.2,437.0,jute
Dindigul,221.0,75.0,191.0,7.6,Rabi,25.9,75.6,736.0,rice
Dindigul,221.0,75.0,191.0,7.6,Summer,30.6,56.7,261.0,coffee
Dindigul,221.0,75.0,191.0,7.6,Kharif,29.4,58.6,300.0,jute
Dindigul,221.0,75.0,191.0,7.6,Rabi,25.4,72.3,495.0,rice
Dindigul,221.0,75.0,191.0,7.6,Summer,29.5,60.7,223.0,coffee
Ramanathapuram,128.5,24.0,269.0,7.2,Kharif,29.8,68.2,239.0,jute
Ramanathapuram,128.5,24.0,269.0,7.2,Rabi,26.6,77.5,830.0,rice
Ramanathapuram,128.5,24.0,269.0,7.2,Summer,29.6,72.4,77.0,grapes
Ramanathapuram,128.5,24.0,269.0,7.2,Kharif,29.7,67.3,235.0,jute
Ramanathapuram,128.5,24.0,269.0,7.2,Rabi,25.8,81.4,1140.0,rice
Ramanathapuram,128.5,24.0,269.0,7.2,Summer,28.9,74.2,126.0,grapes
Ramanathapuram,128.5,24.0,269.0,7.2,Kharif,29.1,69.9,395.0,rice
Ramanathapuram,128.5,24.0,269.0,7.2,Rabi,26.1,78.9,656.0,rice
Ramanathapuram,128.5,24.0,269.0,7.2,Summer,28.9,74.4,183.0,apple
Ramanathapuram,128.5,24.0,269.0,7.2,Kharif,30.2,67.7,247.0,jute
Ramanathapuram,128.5,24.0,269.0,7.2,Rabi,26.1,80.0,923.0,rice
Ramanathapuram,128.5,24.0,269.0,7.2,Summer,29.0,75.7,189.0,jute
Ramanathapuram,128.5,24.0,269.0,7.2,Kharif,30.0,67.6,310.0,jute
Ramanathapuram,128.5,24.0,269.0,7.2,Rabi,26.8,80.3,867.0,rice
Ramanathapuram,128.5,24.0,269.0,7.2,Summer,29.8,73.9,319.0,jute
Ramanathapuram,128.5,24.0,269.0,7.2,Kharif,30.4,64.0,309.0,jute
Ramanathapuram,128.5,24.0,269.0,7.2,Rabi,26.2,79.7,906.0,rice
Ramanathapuram,128.5,24.0,269.0,7.2,Summer,29.4,73.2,240.0,jute
Sivagangai,124.5,45.5,341.5,7.3,Kharif,30.3,61.0,336.0,rice
Sivagangai,124.5,45.5,341.5,7.3,Rabi,26.6,73.4,760.0,rice
Sivagangai,124.5,45.5,341.5,7.3,Summer,30.6,63.0,92.0,grapes
Sivagangai,124.5,45.5,341.5,7.3,Kharif,30.2,60.9,362.0,rice
Sivagangai,124.5,45.5,341.5,7.3,Rabi,25.5,79.4,1143.0,rice
Sivagangai,124.5,45.5,341.5,7.3,Summer,29.7,65.4,145.0,apple
Sivagangai,124.5,45.5,341.5,7.3,Kharif,29.2,66.2,468.0,rice
Sivagangai,124.5,45.5,341.5,7.3,Rabi,26.0,75.2,588.0,rice
Sivagangai,124.5,45.5,341.5,7.3,Summer,29.6,65.1,208.0,apple
Sivagangai,124.5,45.5,341.5,7.3,Kharif,30.5,61.9,441.0,rice
Sivagangai,124.5,45.5,341.5,7.3,Rabi,26.0,75.9,720.0,rice
Sivagangai,124.5,45.5,341.5,7.3,Summer,29.7,66.5,199.0,apple
Sivagangai,124.5,45.5,341.5,7.3,Kharif,29.9,65.4,451.0,rice
Sivagangai,124.5,45.5,341.5,7.3,Rabi,26.6,77.8,925.0,rice
Sivagangai,124.5,45.5,341.5,7.3,Summer,30.3,67.2,405.0,rice
Sivagangai,124.5,45.5,341.5,7.3,Kharif,30.6,58.6,338.0,rice
Sivagangai,124.5,45.5,341.5,7.3,Rabi,26.1,76.4,736.0,rice
Sivagangai,124.5,45.5,341.5,7.3,Summer,29.8,67.1,202.0,apple
Virudhunagar,142.2,17.0,252.0,8.0,Kharif,30.3,59.4,367.0,jute
Virudhunagar,142.2,17.0,252.0,8.0,Rabi,27.3,68.0,626.0,rice
Virudhunagar,142.2,17.0,252.0,8.0,Summer,31.3,57.7,75.0,watermelon
Virudhunagar,142.2,17.0,252.0,8.0,Kharif,30.4,57.9,263.0,jute
Virudhunagar,142.2,17.0,252.0,8.0,Rabi,26.1,75.1,1099.0,rice
Virudhunagar,142.2,17.0,252.0,8.0,Summer,30.2,60.6,250.0,jute
Virudhunagar,142.2,17.0,252.0,8.0,Kharif,29.5,62.8,527.0,rice
Virudhunagar,142.2,17.0,252.0,8.0,Rabi,26.8,70.2,556.0,rice
Virudhunagar,142.2,17.0,252.0,8.0,Summer,30.4,59.2,282.0,jute
Virudhunagar,142.2,17.0,252.0,8.0,Kharif,30.9,57.9,400.0,jute
Virudhunagar,142.2,17.0,252.0,8.0,Rabi,26.6,71.2,741.0,rice
Virudhunagar,142.2,17.0,252.0,8.0,Summer,30.3,61.7,266.0,jute
Virudhunagar,142.2,17.0,252.0,8.0,Kharif,30.4,61.2,431.0,rice
Virudhunagar,142.2,17.0,252.0,8.0,Rabi,27.0,74.8,690.0,rice
Virudhunagar,142.2,17.0,252.0,8.0,Summer,31.0,61.3,382.0,jute
Virudhunagar,142.2,17.0,252.0,8.0,Kharif,30.9,54.9,228.0,coffee
Virudhunagar,142.2,17.0,252.0,8.0,Rabi,26.4,72.7,715.0,rice
Virudhunagar,142.2,17.0,252.0,8.0,Summer,30.2,62.5,327.0,jute
Tirunelveli,177.4,30.3,367.1,7.3,Kharif,29.8,62.1,232.0,apple
Tirunelveli,177.4,30.3,367.1,7.3,Rabi,26.9,71.8,652.0,rice
Tirunelveli,177.4,30.3,367.1,7.3,Summer,30.3,63.6,116.0,grapes
Tirunelveli,177.4,30.3,367.1,7.3,Kharif,29.9,60.7,146.0,grapes
Tirunelveli,177.4,30.3,367.1,7.3,Rabi,25.9,77.6,1053.0,rice
Tirunelveli,177.4,30.3,367.1,7.3,Summer,29.4,65.7,239.0,apple
Tirunelveli,177.4,30.3,367.1,7.3,Kharif,29.4,62.5,400.0,jute
Tirunelveli,177.4,30.3,367.1,7.3,Rabi,26.7,72.6,691.0,rice
Tirunelveli,177.4,30.3,367.1,7.3,Summer,29.8,62.9,202.0,apple
Tirunelveli,177.4,30.3,367.1,7.3,Kharif,30.7,58.9,258.0,jute
Tirunelveli,177.4,30.3,367.1,7.3,Rabi,26.2,75.6,1438.0,rice
Tirunelveli,177.4,30.3,367.1,7.3,Summer,30.2,62.3,216.0,apple
Tirunelveli,177.4,30.3,367.1,7.3,Kharif,30.0,63.1,284.0,jute
Tirunelveli,177.4,30.3,367.1,7.3,Rabi,26.9,76.0,692.0,rice
Tirunelveli,177.4,30.3,367.1,7.3,Summer,30.3,65.8,321.0,jute
Tirunelveli,177.4,30.3,367.1,7.3,Kharif,30.0,60.0,202.0,apple
Tirunelveli,177.4,30.3,367.1,7.3,Rabi,26.3,74.9,924.0,rice
Tirunelveli,177.4,30.3,367.1,7.3,Summer,30.0,64.5,272.0,jute
Tuticorin,131.0,32.6,123.0,7.8,Kharif,30.0,62.5,200.0,coffee
Tuticorin,131.0,32.6,123.0,7.8,Rabi,26.7,75.7,497.0,rice
Tuticorin,131.0,32.6,123.0,7.8,Summer,29.3,72.5,74.0,watermelon
Tuticorin,131.0,32.6,123.0,7.8,Kharif,30.1,60.5,177.0,coffee
Tuticorin,131.0,32.6,123.0,7.8,Rabi,25.9,79.9,1071.0,rice
Tuticorin,131.0,32.6,123.0,7.8,Summer,28.7,72.8,185.0,jute
Tuticorin,131.0,32.6,123.0,7.8,Kharif,29.4,63.9,267.0,jute
Tuticorin,131.0,32.6,123.0,7.8,Rabi,26.3,77.4,644.0,rice
Tuticorin,131.0,32.6,123.0,7.8,Summer,29.1,69.4,168.0,coffee
Tuticorin,131.0,32.6,123.0,7.8,Kharif,30.7,59.7,233.0,coffee
Tuticorin,131.0,32.6,123.0,7.8,Rabi,26.1,79.1,1109.0,rice
Tuticorin,131.0,32.6,123.0,7.8,Summer,29.2,72.0,154.0,coffee
Tuticorin,131.0,32.6,123.0,7.8,Kharif,30.3,62.5,227.0,jute
Tuticorin,131.0,32.6,123.0,7.8,Rabi,26.8,79.3,707.0,rice
Tuticorin,131.0,32.6,123.0,7.8,Summer,29.3,74.0,314.0,jute
Tuticorin,131.0,32.6,123.0,7.8,Kharif,30.5,57.6,154.0,coffee
Tuticorin,131.0,32.6,123.0,7.8,Rabi,26.4,77.0,855.0,rice
Tuticorin,131.0,32.6,123.0,7.8,Summer,29.5,69.4,216.0,jute
Kanyakumari,198.0,23.5,212.0,5.9,Kharif,27.2,80.6,425.0,jute
Kanyakumari,198.0,23.5,212.0,5.9,Rabi,27.1,72.0,301.0,jute
Kanyakumari,198.0,23.5,212.0,5.9,Summer,28.6,75.2,139.0,banana
Kanyakumari,198.0,23.5,212.0,5.9,Kharif,27.1,79.6,266.0,jute
Kanyakumari,198.0,23.5,212.0,5.9,Rabi,26.4,76.3,750.0,rice
Kanyakumari,198.0,23.5,212.0,5.9,Summer,28.0,75.6,255.0,jute
Kanyakumari,198.0,23.5,212.0,5.9,Kharif,26.9,78.5,311.0,jute
Kanyakumari,198.0,23.5,212.0,5.9,Rabi,26.5,75.2,672.0,rice
Kanyakumari,198.0,23.5,212.0,5.9,Summer,27.9,75.4,260.0,jute
Kanyakumari,198.0,23.5,212.0,5.9,Kharif,27.8,76.1,248.0,jute
Kanyakumari,198.0,23.5,212.0,5.9,Rabi,26.5,75.1,1178.0,rice
Kanyakumari,198.0,23.5,212.0,5.9,Summer,28.7,72.9,151.0,banana
Kanyakumari,198.0,23.5,212.0,5.9,Kharif,27.1,80.7,357.0,jute
Kanyakumari,198.0,23.5,212.0,5.9,Rabi,27.3,73.3,536.0,rice
Kanyakumari,198.0,23.5,212.0,5.9,Summer,29.0,74.2,348.0,jute
Kanyakumari,198.0,23.5,212.0,5.9,Kharif,27.3,76.9,280.0,jute
Kanyakumari,198.0,23.5,212.0,5.9,Rabi,27.0,70.6,570.0,rice
Kanyakumari,198.0,23.5,212.0,5.9,Summer,28.5,73.7,248.0,jute
The Nilgiris,169.4,22.7,296.7,5.7,Kharif,15.2,90.3,1288.0,rice
The Nilgiris,169.4,22.7,296.7,5.7,Rabi,13.9,82.2,681.0,rice
The Nilgiris,169.4,22.7,296.7,5.7,Summer,16.3,75.8,285.0,rice
The Nilgiris,169.4,22.7,296.7,5.7,Kharif,14.8,90.7,1219.0,rice
The Nilgiris,169.4,22.7,296.7,5.7,Rabi,13.7,86.4,1015.0,rice
The Nilgiris,169.4,22.7,296.7,5.7,Summer,15.5,76.4,488.0,rice
The Nilgiris,169.4,22.7,296.7,5.7,Kharif,14.7,90.9,984.0,rice
The Nilgiris,169.4,22.7,296.7,5.7,Rabi,13.4,82.5,598.0,rice
The Nilgiris,169.4,22.7,296.7,5.7,Summer,15.8,74.8,412.0,rice
The Nilgiris,169.4,22.7,296.7,5.7,Kharif,15.6,86.1,621.0,rice
The Nilgiris,169.4,22.7,296.7,5.7,Rabi,14.0,77.6,421.0,rice
The Nilgiris,169.4,22.7,296.7,5.7,Summer,15.6,74.6,386.0,rice
The Nilgiris,169.4,22.7,296.7,5.7,Kharif,15.8,87.3,842.0,rice
The Nilgiris,169.4,22.7,296.7,5.7,Rabi,14.4,82.8,636.0,rice
The Nilgiris,169.4,22.7,296.7,5.7,Summer,17.5,67.0,248.0,jute
The Nilgiris,169.4,22.7,296.7,5.7,Kharif,15.2,86.3,683.0,rice
The Nilgiris,169.4,22.7,296.7,5.7,Rabi,14.1,74.0,380.0,rice
The Nilgiris,169.4,22.7,296.7,5.7,Summer,16.6,71.5,468.0,rice
